event_id,ticket_id,event_start_date,event_end_date
eff7e9ae-9c58-42e1-8835-0d51c33dc480,8799f347-d288-47ee-90e7-e560e2657fbf,2020-06-05,2020-06-07
eff7e9ae-9c58-42e1-8835-0d51c33dc480,d8519876-1a45-4662-ad97-1b29f31e1aae,2020-06-05,2020-06-07
eff7e9ae-9c58-42e1-8835-0d51c33dc480,bda3b016-7f0b-42c5-9ee2-c55856563260,2020-06-05,2020-06-07
2ab60824-b539-4a1f-ae1a-f7d94d2d55bb,254be047-7781-4a7b-945a-2d9b05bce36d,2020-04-04,2020-04-05
7be626b0-c1cd-4a26-a111-60afb13ba940,10b0326e-ff5f-43d4-a02c-54c71938f527,2020-04-30,2020-05-01
eff7e9ae-9c58-42e1-8835-0d51c33dc480,e703f991-3447-48ae-a51f-00f86f6ffff0,2020-06-05,2020-06-07
e6930b99-e8ca-49f8-9583-89f54366dc14,5b964cf1-b9e4-4339-9631-153432ef542c,2020-06-05,2020-06-07
2ab60824-b539-4a1f-ae1a-f7d94d2d55bb,432d989c-dbef-4b24-81ee-821ca14e5270,2020-04-04,2020-04-05
e6930b99-e8ca-49f8-9583-89f54366dc14,94a02832-d02a-4b9d-987c-3d2f34720f17,2020-06-05,2020-06-07
2ab60824-b539-4a1f-ae1a-f7d94d2d55bb,b4963af6-68e4-4114-a895-9e515296d628,2020-04-04,2020-04-05
e6930b99-e8ca-49f8-9583-89f54366dc14,85ba7b06-4a25-4dfb-b748-0922f6734ae4,2020-06-05,2020-06-07
e6930b99-e8ca-49f8-9583-89f54366dc14,cb5a9faf-4079-4e8d-9a00-a1b570014366,2020-06-05,2020-06-07
2ab60824-b539-4a1f-ae1a-f7d94d2d55bb,52202101-5dd6-4265-a65d-ebaba51750b3,2020-04-04,2020-04-05
e6930b99-e8ca-49f8-9583-89f54366dc14,f22f1b97-9ace-410a-b24d-812406b5ef4f,2020-06-05,2020-06-07
e6930b99-e8ca-49f8-9583-89f54366dc14,2385cfa1-2a77-4875-9ed4-9416dd27e864,2020-06-05,2020-06-07
7be626b0-c1cd-4a26-a111-60afb13ba940,f8f608f0-8542-4e42-8c31-db8a9f31f953,2020-04-30,2020-05-01
2ab60824-b539-4a1f-ae1a-f7d94d2d55bb,65a4b720-b4cc-4290-a32e-642f62d6c6ef,2020-04-04,2020-04-05
eff7e9ae-9c58-42e1-8835-0d51c33dc480,f3ab44c5-f693-46a2-86f1-bd009197f491,2020-06-05,2020-06-07
2ab60824-b539-4a1f-ae1a-f7d94d2d55bb,9deb7ad1-252f-4fb2-a108-b1fec239e573,2020-04-04,2020-04-05
e6930b99-e8ca-49f8-9583-89f54366dc14,54032c5e-e671-46cc-a9c4-2b2073a7eaeb,2020-06-05,2020-06-07
7be626b0-c1cd-4a26-a111-60afb13ba940,d505e64f-da2b-4363-be11-b976e5f3529e,2020-04-30,2020-05-01
e6930b99-e8ca-49f8-9583-89f54366dc14,be3e148f-8376-4614-b267-b524df777a97,2020-06-05,2020-06-07
eff7e9ae-9c58-42e1-8835-0d51c33dc480,5bc58eec-1b5f-414b-bcf1-bd2180dea50b,2020-06-05,2020-06-07
7be626b0-c1cd-4a26-a111-60afb13ba940,02c0bdd4-d05d-4e15-96eb-66b5eac9f648,2020-04-30,2020-05-01
e6930b99-e8ca-49f8-9583-89f54366dc14,f4ffca33-349a-4299-acf8-902749b978ef,2020-06-05,2020-06-07
2ab60824-b539-4a1f-ae1a-f7d94d2d55bb,e7d59b72-855b-4c54-9c0e-5c4b21005c8f,2020-04-04,2020-04-05
7be626b0-c1cd-4a26-a111-60afb13ba940,7c1c7692-d71c-4d16-926b-62e358680ba8,2020-04-30,2020-05-01
e6930b99-e8ca-49f8-9583-89f54366dc14,06bea21c-19b0-47ae-8115-e0c5458258c3,2020-06-05,2020-06-07
e6930b99-e8ca-49f8-9583-89f54366dc14,aaf7d565-2730-4069-9393-f4c4b01fb106,2020-06-05,2020-06-07
2ab60824-b539-4a1f-ae1a-f7d94d2d55bb,bba9785c-115c-4128-886a-2aed805f26a7,2020-04-04,2020-04-05
2ab60824-b539-4a1f-ae1a-f7d94d2d55bb,6de3654f-a464-4e2d-881b-d84d41a88759,2020-04-04,2020-04-05
2ab60824-b539-4a1f-ae1a-f7d94d2d55bb,ab4a8fae-ef20-4af1-8085-f1e6d7f3d494,2020-04-04,2020-04-05
e6930b99-e8ca-49f8-9583-89f54366dc14,0ce0ef50-fd11-4191-beb7-08d8f7ee30e6,2020-06-05,2020-06-07
eff7e9ae-9c58-42e1-8835-0d51c33dc480,a40ff91c-67a1-4fd8-a130-667326e4648f,2020-06-05,2020-06-07
7be626b0-c1cd-4a26-a111-60afb13ba940,c329b8a1-dc29-4df2-9ede-f34ea9924913,2020-04-30,2020-05-01
7be626b0-c1cd-4a26-a111-60afb13ba940,ee3c1bad-628f-46ac-90c5-9b768330d3f9,2020-04-30,2020-05-01
e6930b99-e8ca-49f8-9583-89f54366dc14,339322f2-6a19-49a0-9025-1dde1aea721d,2020-06-05,2020-06-07
2ab60824-b539-4a1f-ae1a-f7d94d2d55bb,55f0b520-f546-4b3c-9ebd-ebdc426c9f39,2020-04-04,2020-04-05
2ab60824-b539-4a1f-ae1a-f7d94d2d55bb,28dc90c1-d5b5-4275-bf93-3c8b5dbff2f4,2020-04-04,2020-04-05
eff7e9ae-9c58-42e1-8835-0d51c33dc480,fa108a56-3c89-4912-87cb-419c877f4fd3,2020-06-05,2020-06-07
e6930b99-e8ca-49f8-9583-89f54366dc14,c15a79f3-0ad7-4b89-8ec4-ed15f717911c,2020-06-05,2020-06-07
2ab60824-b539-4a1f-ae1a-f7d94d2d55bb,e9c46a49-2e82-4047-84c2-210650ada8a6,2020-04-04,2020-04-05
2ab60824-b539-4a1f-ae1a-f7d94d2d55bb,f44f7d0f-f4e4-48c0-9166-d39215846cb5,2020-04-04,2020-04-05
eff7e9ae-9c58-42e1-8835-0d51c33dc480,023e4a35-d13b-4e05-9d83-42a4bf2f9c46,2020-06-05,2020-06-07
eff7e9ae-9c58-42e1-8835-0d51c33dc480,14a39b76-b295-4ef1-83f0-2bf608dc7d8b,2020-06-05,2020-06-07
e6930b99-e8ca-49f8-9583-89f54366dc14,c064a2dc-2fb8-4cbe-bc2a-c0971b2fd20b,2020-06-05,2020-06-07
7be626b0-c1cd-4a26-a111-60afb13ba940,ae920847-2863-4443-845f-e007454cfed8,2020-04-30,2020-05-01
2ab60824-b539-4a1f-ae1a-f7d94d2d55bb,409855de-3dbe-491d-9c29-aab2f8f19c6f,2020-04-04,2020-04-05
e6930b99-e8ca-49f8-9583-89f54366dc14,ab77897e-db5e-4b7a-ae57-0cc2bcdb3099,2020-06-05,2020-06-07
7be626b0-c1cd-4a26-a111-60afb13ba940,e6b00b0c-3d43-4a9f-a5f8-8bc9c4815e92,2020-04-30,2020-05-01
2ab60824-b539-4a1f-ae1a-f7d94d2d55bb,28bb4647-84ac-43b3-9815-1d52f908fb48,2020-04-04,2020-04-05
eff7e9ae-9c58-42e1-8835-0d51c33dc480,97cea9b3-732a-4679-81f7-6ce47aab9ca0,2020-06-05,2020-06-07
e6930b99-e8ca-49f8-9583-89f54366dc14,fda35488-1ff1-427b-906c-2c06b10a26c2,2020-06-05,2020-06-07
2ab60824-b539-4a1f-ae1a-f7d94d2d55bb,b4aa30ab-14c5-4c66-aee7-c55f50cedf7e,2020-04-04,2020-04-05
2ab60824-b539-4a1f-ae1a-f7d94d2d55bb,1ebbc1e7-382b-4c5c-b339-684715b8354d,2020-04-04,2020-04-05
2ab60824-b539-4a1f-ae1a-f7d94d2d55bb,328a28c6-45e8-4f0e-b221-1f1e83f76c2b,2020-04-04,2020-04-05
eff7e9ae-9c58-42e1-8835-0d51c33dc480,4617b297-c5ff-460f-8c6a-411b5e1193a5,2020-06-05,2020-06-07
2ab60824-b539-4a1f-ae1a-f7d94d2d55bb,bb8eb5be-f25a-490d-96d6-7ecfaa9c6041,2020-04-04,2020-04-05
eff7e9ae-9c58-42e1-8835-0d51c33dc480,8237aad3-fc82-4f21-8180-2f10de98b61e,2020-06-05,2020-06-07
2ab60824-b539-4a1f-ae1a-f7d94d2d55bb,18b4d956-93af-492c-9a10-5469c1c8e56e,2020-04-04,2020-04-05
2ab60824-b539-4a1f-ae1a-f7d94d2d55bb,aeef1a57-7e17-4139-b326-e6e56350bc17,2020-04-04,2020-04-05
2ab60824-b539-4a1f-ae1a-f7d94d2d55bb,5078d15f-e670-4fbc-831e-c65cad40be13,2020-04-04,2020-04-05
2ab60824-b539-4a1f-ae1a-f7d94d2d55bb,ff71c8b6-c318-4049-87ee-18225f350ce2,2020-04-04,2020-04-05
e6930b99-e8ca-49f8-9583-89f54366dc14,1cd229ce-b1d3-4b26-8225-a0263d0c8293,2020-06-05,2020-06-07
7be626b0-c1cd-4a26-a111-60afb13ba940,abee25d7-27e8-4e59-8847-5b23fba7a63e,2020-04-30,2020-05-01
eff7e9ae-9c58-42e1-8835-0d51c33dc480,31861b30-ddcc-4f69-a512-3036e82619a3,2020-06-05,2020-06-07
eff7e9ae-9c58-42e1-8835-0d51c33dc480,2cd90029-056a-4780-a1b7-283b3873f3bc,2020-06-05,2020-06-07
2ab60824-b539-4a1f-ae1a-f7d94d2d55bb,45e31d83-be92-4fe1-b540-8b788c9e720f,2020-04-04,2020-04-05
e6930b99-e8ca-49f8-9583-89f54366dc14,0b1f8619-b932-4714-96ec-681dfdfd0fb5,2020-06-05,2020-06-07
e6930b99-e8ca-49f8-9583-89f54366dc14,88b55c1f-74bc-43c3-885b-d8e24276edd8,2020-06-05,2020-06-07
7be626b0-c1cd-4a26-a111-60afb13ba940,79384635-0940-442f-9f61-03124e35d832,2020-04-30,2020-05-01
7be626b0-c1cd-4a26-a111-60afb13ba940,fc0eac35-e21f-4b09-ad1e-b3cd2b61c725,2020-04-30,2020-05-01
2ab60824-b539-4a1f-ae1a-f7d94d2d55bb,b82102f8-1990-459b-985e-998377c73f70,2020-04-04,2020-04-05
eff7e9ae-9c58-42e1-8835-0d51c33dc480,ff9c9b99-1cae-4c22-8c59-8b8eb37c0560,2020-06-05,2020-06-07
7be626b0-c1cd-4a26-a111-60afb13ba940,ce4ef880-e5af-4937-8e13-811567c70e74,2020-04-30,2020-05-01
2ab60824-b539-4a1f-ae1a-f7d94d2d55bb,1c09d82f-a991-4662-907b-848c9bfda955,2020-04-04,2020-04-05
2ab60824-b539-4a1f-ae1a-f7d94d2d55bb,c66c7e54-0732-407f-89b5-a46477d154f8,2020-04-04,2020-04-05
eff7e9ae-9c58-42e1-8835-0d51c33dc480,353e7786-a726-4233-8e95-d3b14c19883f,2020-06-05,2020-06-07
2ab60824-b539-4a1f-ae1a-f7d94d2d55bb,53c5b653-403d-4fdb-b9f3-61ace7c36ace,2020-04-04,2020-04-05
e6930b99-e8ca-49f8-9583-89f54366dc14,c1aab40e-0918-4b36-a2ef-0d2ade163f33,2020-06-05,2020-06-07
2ab60824-b539-4a1f-ae1a-f7d94d2d55bb,10636474-6056-4f35-9e0a-2f57c6c5f7c1,2020-04-04,2020-04-05
2ab60824-b539-4a1f-ae1a-f7d94d2d55bb,77629a61-c976-499b-b8df-406259e52e45,2020-04-04,2020-04-05
7be626b0-c1cd-4a26-a111-60afb13ba940,1e4a2b7e-e911-4014-916e-aa9a522890f3,2020-04-30,2020-05-01
eff7e9ae-9c58-42e1-8835-0d51c33dc480,1231bced-9e19-4e5a-b6a6-549bbf88c87d,2020-06-05,2020-06-07
7be626b0-c1cd-4a26-a111-60afb13ba940,787d098c-02fd-484e-a87e-e4198a1df8db,2020-04-30,2020-05-01
eff7e9ae-9c58-42e1-8835-0d51c33dc480,a613114e-752b-478c-93fe-08d0fa6adccc,2020-06-05,2020-06-07
2ab60824-b539-4a1f-ae1a-f7d94d2d55bb,34f96135-b89c-4d0f-8e03-422dd9370e77,2020-04-04,2020-04-05
7be626b0-c1cd-4a26-a111-60afb13ba940,a472d160-74ea-4dbb-b528-1da15a3aa19b,2020-04-30,2020-05-01
2ab60824-b539-4a1f-ae1a-f7d94d2d55bb,4d38af85-7702-42d0-8fe2-32f4423ec90b,2020-04-04,2020-04-05
2ab60824-b539-4a1f-ae1a-f7d94d2d55bb,97e7bb46-7895-4d97-8472-ba0ae8257eca,2020-04-04,2020-04-05
e6930b99-e8ca-49f8-9583-89f54366dc14,ba7ded0b-c597-4a2c-a4f1-b16b89bd375f,2020-06-05,2020-06-07
e6930b99-e8ca-49f8-9583-89f54366dc14,d5a5165e-d6a6-43fb-bca5-f4c161607056,2020-06-05,2020-06-07
eff7e9ae-9c58-42e1-8835-0d51c33dc480,f8bf8550-cf96-4667-98e9-5618f712f6a6,2020-06-05,2020-06-07
7be626b0-c1cd-4a26-a111-60afb13ba940,52f0adf6-6113-4c4e-b94b-c8346a7c8c99,2020-04-30,2020-05-01
eff7e9ae-9c58-42e1-8835-0d51c33dc480,26427e43-e2af-4226-9ba4-2435e7d44afb,2020-06-05,2020-06-07
eff7e9ae-9c58-42e1-8835-0d51c33dc480,bef8bc14-ac1a-4fb4-8caa-83565360fd37,2020-06-05,2020-06-07
e6930b99-e8ca-49f8-9583-89f54366dc14,c06573f7-cec2-4768-840b-6167e970987c,2020-06-05,2020-06-07
eff7e9ae-9c58-42e1-8835-0d51c33dc480,a3e29150-591e-422e-b858-208d4ea92c0f,2020-06-05,2020-06-07
e6930b99-e8ca-49f8-9583-89f54366dc14,091f2eb6-d1ec-4229-b89d-427d741df2b2,2020-06-05,2020-06-07
e6930b99-e8ca-49f8-9583-89f54366dc14,4cc21f06-b96f-479a-897c-8836d7c3336a,2020-06-05,2020-06-07
eff7e9ae-9c58-42e1-8835-0d51c33dc480,2df35fd0-d063-4ecb-8b32-0a4c46e21427,2020-06-05,2020-06-07
7be626b0-c1cd-4a26-a111-60afb13ba940,97c1dad1-24e6-4db3-9078-6461e8327cbb,2020-04-30,2020-05-01
e6930b99-e8ca-49f8-9583-89f54366dc14,a3674801-2811-4127-b72f-7d37885a8fcf,2020-06-05,2020-06-07
eff7e9ae-9c58-42e1-8835-0d51c33dc480,d43bb30d-0867-4b36-a130-6701d0b9e869,2020-06-05,2020-06-07
e6930b99-e8ca-49f8-9583-89f54366dc14,5d4ee88f-973e-4dae-87c0-5eb9e0d3eea3,2020-06-05,2020-06-07
7be626b0-c1cd-4a26-a111-60afb13ba940,e25f790a-cc6c-4a43-b745-d57faedd5668,2020-04-30,2020-05-01
2ab60824-b539-4a1f-ae1a-f7d94d2d55bb,859d6808-be8e-4932-85af-b476aa314bdb,2020-04-04,2020-04-05
7be626b0-c1cd-4a26-a111-60afb13ba940,9535516b-9fed-4bb9-8ae8-ec520a7686fc,2020-04-30,2020-05-01
7be626b0-c1cd-4a26-a111-60afb13ba940,be01169d-f768-4e11-acba-cb89f0e7c9fd,2020-04-30,2020-05-01
e6930b99-e8ca-49f8-9583-89f54366dc14,2fa2fe85-1ba6-4b55-a028-a738e536ecd2,2020-06-05,2020-06-07
eff7e9ae-9c58-42e1-8835-0d51c33dc480,cc9308f0-c809-49c4-83f4-fe36142ea404,2020-06-05,2020-06-07
2ab60824-b539-4a1f-ae1a-f7d94d2d55bb,e9b3d48d-fae0-4725-8624-ab0b1324d53a,2020-04-04,2020-04-05
eff7e9ae-9c58-42e1-8835-0d51c33dc480,6b34b224-0206-4ff2-9ce9-cc9a8ed8058f,2020-06-05,2020-06-07
eff7e9ae-9c58-42e1-8835-0d51c33dc480,722c8061-26c4-4b3d-9898-f9961fae83e5,2020-06-05,2020-06-07
e6930b99-e8ca-49f8-9583-89f54366dc14,30b5e103-5f12-49be-b17d-ea1b5bf0e1eb,2020-06-05,2020-06-07
2ab60824-b539-4a1f-ae1a-f7d94d2d55bb,da1148f4-d3fc-4d30-886e-63ab370b24b0,2020-04-04,2020-04-05
7be626b0-c1cd-4a26-a111-60afb13ba940,1e8ce1b5-6ce2-4432-8b6a-bc83491ece74,2020-04-30,2020-05-01
e6930b99-e8ca-49f8-9583-89f54366dc14,ff3f8e4c-6cd8-48da-abd4-c4baffe80e43,2020-06-05,2020-06-07
7be626b0-c1cd-4a26-a111-60afb13ba940,b249e172-a7a5-4f2e-8a04-43b217b30630,2020-04-30,2020-05-01
2ab60824-b539-4a1f-ae1a-f7d94d2d55bb,0cb03b89-0232-4d1f-b907-c28348e06729,2020-04-04,2020-04-05
7be626b0-c1cd-4a26-a111-60afb13ba940,44fccafd-2b83-41c0-8a7a-446620b5fed5,2020-04-30,2020-05-01
eff7e9ae-9c58-42e1-8835-0d51c33dc480,660b8cc1-cb61-4081-99e4-a15cf7948d24,2020-06-05,2020-06-07
e6930b99-e8ca-49f8-9583-89f54366dc14,a7e5a030-01e7-4c0b-bf1d-710020e1452a,2020-06-05,2020-06-07
eff7e9ae-9c58-42e1-8835-0d51c33dc480,5294d679-4556-4959-acff-82562dd8e3af,2020-06-05,2020-06-07
7be626b0-c1cd-4a26-a111-60afb13ba940,83667adb-dd8c-4e22-a19c-b7a1e144e678,2020-04-30,2020-05-01
2ab60824-b539-4a1f-ae1a-f7d94d2d55bb,865d3c75-6779-49dc-8dee-6f59f471ca2b,2020-04-04,2020-04-05
e6930b99-e8ca-49f8-9583-89f54366dc14,44e942e1-47db-4178-bd45-158a058ed141,2020-06-05,2020-06-07
e6930b99-e8ca-49f8-9583-89f54366dc14,5d4b737e-c5dc-4420-bd02-a166ce2918ea,2020-06-05,2020-06-07
eff7e9ae-9c58-42e1-8835-0d51c33dc480,72d933b8-e2d0-4937-b5d4-bbb0552c5035,2020-06-05,2020-06-07
eff7e9ae-9c58-42e1-8835-0d51c33dc480,897464d2-bb8d-451d-80b5-34946c174d55,2020-06-05,2020-06-07
7be626b0-c1cd-4a26-a111-60afb13ba940,4d57a794-53a2-4094-8845-b0920c2b15d6,2020-04-30,2020-05-01
eff7e9ae-9c58-42e1-8835-0d51c33dc480,142e51fa-889b-415e-b8b3-30d8cb544f23,2020-06-05,2020-06-07
e6930b99-e8ca-49f8-9583-89f54366dc14,32bce897-0b0e-4fa8-b729-d160fe30de12,2020-06-05,2020-06-07
2ab60824-b539-4a1f-ae1a-f7d94d2d55bb,6b68e4f8-b91f-4f9b-9b1c-76d1a5f7cebf,2020-04-04,2020-04-05
2ab60824-b539-4a1f-ae1a-f7d94d2d55bb,592c896f-40c6-4073-9233-5258a5ca2998,2020-04-04,2020-04-05
eff7e9ae-9c58-42e1-8835-0d51c33dc480,dd6a0245-fe77-4541-864d-a4f71efa35d6,2020-06-05,2020-06-07
e6930b99-e8ca-49f8-9583-89f54366dc14,74e33a67-7a75-4ff9-b737-77c2ca87ee90,2020-06-05,2020-06-07
2ab60824-b539-4a1f-ae1a-f7d94d2d55bb,d1e38d63-76b4-4891-9dd9-2e81d5330db8,2020-04-04,2020-04-05
eff7e9ae-9c58-42e1-8835-0d51c33dc480,09030e06-c30b-4905-bbbe-61242cb63b94,2020-06-05,2020-06-07
2ab60824-b539-4a1f-ae1a-f7d94d2d55bb,f65cfbbe-dc88-454a-9b45-15b308b91839,2020-04-04,2020-04-05
7be626b0-c1cd-4a26-a111-60afb13ba940,1d1fe3a5-7233-4e3d-8bb7-71a3ca25eec9,2020-04-30,2020-05-01
e6930b99-e8ca-49f8-9583-89f54366dc14,0d28d15b-47d4-4370-9dc5-640529c36367,2020-06-05,2020-06-07
e6930b99-e8ca-49f8-9583-89f54366dc14,7bed3f22-f928-4f00-baeb-5d130bb17c7b,2020-06-05,2020-06-07
2ab60824-b539-4a1f-ae1a-f7d94d2d55bb,9aeaef2b-f0fe-43cd-9a76-c3a2c179f958,2020-04-04,2020-04-05
2ab60824-b539-4a1f-ae1a-f7d94d2d55bb,6ea28764-cec8-4978-bfd5-61aade38831f,2020-04-04,2020-04-05
eff7e9ae-9c58-42e1-8835-0d51c33dc480,1109223a-6d8e-4129-acae-e71c574669c2,2020-06-05,2020-06-07
7be626b0-c1cd-4a26-a111-60afb13ba940,69cae15d-9acb-4ca9-9965-4bd4cb86413f,2020-04-30,2020-05-01
eff7e9ae-9c58-42e1-8835-0d51c33dc480,fc0ef34a-2a98-4259-a893-a1c77f82e78c,2020-06-05,2020-06-07
7be626b0-c1cd-4a26-a111-60afb13ba940,f0d6880d-06ce-4e64-9a2e-d279a417a32a,2020-04-30,2020-05-01
e6930b99-e8ca-49f8-9583-89f54366dc14,7bcd2636-761b-4027-b86e-50e18c5323cb,2020-06-05,2020-06-07
7be626b0-c1cd-4a26-a111-60afb13ba940,2c1b522c-7400-4417-b34e-d5e91576c7ce,2020-04-30,2020-05-01
7be626b0-c1cd-4a26-a111-60afb13ba940,ad0ff3d2-dd61-4771-9bc4-a59429b32600,2020-04-30,2020-05-01
eff7e9ae-9c58-42e1-8835-0d51c33dc480,f1f33290-6e9a-40cc-b513-3e205910ce05,2020-06-05,2020-06-07
eff7e9ae-9c58-42e1-8835-0d51c33dc480,f19a9aea-dcc2-40f7-afd2-2caaae0adfac,2020-06-05,2020-06-07
2ab60824-b539-4a1f-ae1a-f7d94d2d55bb,a89c4343-cc86-49f7-935e-08298417f9f0,2020-04-04,2020-04-05
e6930b99-e8ca-49f8-9583-89f54366dc14,7300fc03-bf1f-4368-b0c9-77852e6f7c8b,2020-06-05,2020-06-07
2ab60824-b539-4a1f-ae1a-f7d94d2d55bb,11862719-0565-449f-bc5d-3fc7ee98e942,2020-04-04,2020-04-05
7be626b0-c1cd-4a26-a111-60afb13ba940,861f740d-e9e4-491b-8c57-c5cdba977fe1,2020-04-30,2020-05-01
2ab60824-b539-4a1f-ae1a-f7d94d2d55bb,9ade8e7e-ab27-450c-82d3-4601b88e0b61,2020-04-04,2020-04-05
eff7e9ae-9c58-42e1-8835-0d51c33dc480,aebf3eb0-9422-406e-8f0d-5be3915f998e,2020-06-05,2020-06-07
e6930b99-e8ca-49f8-9583-89f54366dc14,75cc22bb-4080-4cc2-ae7a-afc0bf57ed36,2020-06-05,2020-06-07
eff7e9ae-9c58-42e1-8835-0d51c33dc480,d48d12c1-c936-4ae3-8f9e-1e5f80275cb7,2020-06-05,2020-06-07
7be626b0-c1cd-4a26-a111-60afb13ba940,ed31c49a-7890-4172-96c0-fe7077cb85a0,2020-04-30,2020-05-01
eff7e9ae-9c58-42e1-8835-0d51c33dc480,ff398027-60ea-438e-b758-024cd31cf744,2020-06-05,2020-06-07
7be626b0-c1cd-4a26-a111-60afb13ba940,5527d6a4-5684-4378-b0c8-931838acae5c,2020-04-30,2020-05-01
2ab60824-b539-4a1f-ae1a-f7d94d2d55bb,7e0bc742-32c7-4cc4-8d38-1c793346da6c,2020-04-04,2020-04-05
e6930b99-e8ca-49f8-9583-89f54366dc14,50e0fac1-dcc5-4a8b-a973-72fcd429d732,2020-06-05,2020-06-07
2ab60824-b539-4a1f-ae1a-f7d94d2d55bb,442d3177-ddb7-4eff-852d-6f2267a4cbf8,2020-04-04,2020-04-05
7be626b0-c1cd-4a26-a111-60afb13ba940,bdfff2d9-1137-420d-b808-47505814ffb6,2020-04-30,2020-05-01
e6930b99-e8ca-49f8-9583-89f54366dc14,8238f1c8-f4a6-4100-b2c4-57a6242e4ff2,2020-06-05,2020-06-07
7be626b0-c1cd-4a26-a111-60afb13ba940,75bf4cc2-f830-439a-aa87-f15c4bf2f153,2020-04-30,2020-05-01
eff7e9ae-9c58-42e1-8835-0d51c33dc480,dcc71676-7a4d-4db2-8088-635e29b63300,2020-06-05,2020-06-07
7be626b0-c1cd-4a26-a111-60afb13ba940,11013573-a543-4ee8-b0ff-07f60c2d08ad,2020-04-30,2020-05-01
e6930b99-e8ca-49f8-9583-89f54366dc14,8f11e3bf-e85c-475f-9b89-e1ea2f94c1ce,2020-06-05,2020-06-07
7be626b0-c1cd-4a26-a111-60afb13ba940,1ec7487b-4494-496d-978c-e2843fc0de68,2020-04-30,2020-05-01
e6930b99-e8ca-49f8-9583-89f54366dc14,679db716-23b7-4cae-9f8a-a010a91cf792,2020-06-05,2020-06-07
eff7e9ae-9c58-42e1-8835-0d51c33dc480,52c85228-2542-40be-9512-e744fa0209e6,2020-06-05,2020-06-07
e6930b99-e8ca-49f8-9583-89f54366dc14,16d77447-3ea0-450e-9ba1-e85276f1b88e,2020-06-05,2020-06-07
e6930b99-e8ca-49f8-9583-89f54366dc14,e847bf71-7fc1-484d-aac9-49f1d20a25e5,2020-06-05,2020-06-07
7be626b0-c1cd-4a26-a111-60afb13ba940,02c6598c-4ef4-4a99-8cf2-8c94cb492181,2020-04-30,2020-05-01
7be626b0-c1cd-4a26-a111-60afb13ba940,4bc7cc81-4e4f-4c2e-b16f-14a412dd7e49,2020-04-30,2020-05-01
e6930b99-e8ca-49f8-9583-89f54366dc14,46ebbad3-fad5-4587-a173-560234cf655f,2020-06-05,2020-06-07
7be626b0-c1cd-4a26-a111-60afb13ba940,32a644ab-5f6b-4e17-a23b-070f34af0716,2020-04-30,2020-05-01
2ab60824-b539-4a1f-ae1a-f7d94d2d55bb,f2c3ffbc-f9be-40c6-bad4-979c1586cc09,2020-04-04,2020-04-05
e6930b99-e8ca-49f8-9583-89f54366dc14,e211c89a-66b3-4c81-96dc-90dea023475d,2020-06-05,2020-06-07
eff7e9ae-9c58-42e1-8835-0d51c33dc480,1cf043e8-2ce7-4586-a5ef-8cc87dfc863b,2020-06-05,2020-06-07
2ab60824-b539-4a1f-ae1a-f7d94d2d55bb,d86a5fe7-d3cf-408c-9b2a-a97c1103e32c,2020-04-04,2020-04-05
eff7e9ae-9c58-42e1-8835-0d51c33dc480,93c38bda-cd03-41f4-b95b-5e3a22ff8c22,2020-06-05,2020-06-07
7be626b0-c1cd-4a26-a111-60afb13ba940,e88f8d77-99f5-47f8-a12d-a2e285d90ca8,2020-04-30,2020-05-01
e6930b99-e8ca-49f8-9583-89f54366dc14,4e067adb-e21f-408a-b8d0-a7c864dcd024,2020-06-05,2020-06-07
7be626b0-c1cd-4a26-a111-60afb13ba940,62d42674-974c-4295-894c-d974057db338,2020-04-30,2020-05-01
eff7e9ae-9c58-42e1-8835-0d51c33dc480,b9cd33fe-7594-4104-af2b-ff9ebc9aae89,2020-06-05,2020-06-07
2ab60824-b539-4a1f-ae1a-f7d94d2d55bb,7a84623d-154b-4904-9c11-8ecfa700972e,2020-04-04,2020-04-05
7be626b0-c1cd-4a26-a111-60afb13ba940,ed95e22d-6436-4426-b779-8578ca9f3256,2020-04-30,2020-05-01
2ab60824-b539-4a1f-ae1a-f7d94d2d55bb,4f4a55b2-5021-48e6-be55-83291b84b667,2020-04-04,2020-04-05
e6930b99-e8ca-49f8-9583-89f54366dc14,babe16d9-4fa2-4975-b365-091b5eb94277,2020-06-05,2020-06-07
eff7e9ae-9c58-42e1-8835-0d51c33dc480,8daf99ff-cbe1-48b4-af60-31dba5ba3290,2020-06-05,2020-06-07
eff7e9ae-9c58-42e1-8835-0d51c33dc480,ba35e490-7250-4d05-8ed4-d55fcc7e0466,2020-06-05,2020-06-07
e6930b99-e8ca-49f8-9583-89f54366dc14,a12a3e43-f2ac-4ccd-b899-51722de813ea,2020-06-05,2020-06-07
2ab60824-b539-4a1f-ae1a-f7d94d2d55bb,7c326f19-f7f2-49c4-9abc-3df41808eb7f,2020-04-04,2020-04-05
2ab60824-b539-4a1f-ae1a-f7d94d2d55bb,5f57c465-b8eb-4af9-bbc7-389377f825f9,2020-04-04,2020-04-05
7be626b0-c1cd-4a26-a111-60afb13ba940,d7b2af09-53d1-42cf-bcab-6808d68376a1,2020-04-30,2020-05-01
7be626b0-c1cd-4a26-a111-60afb13ba940,f8981a8e-341a-4104-9a47-05b1a6308e2d,2020-04-30,2020-05-01
e6930b99-e8ca-49f8-9583-89f54366dc14,5c7ee52c-3eff-4c60-bb0c-9dc262cbd372,2020-06-05,2020-06-07
2ab60824-b539-4a1f-ae1a-f7d94d2d55bb,6be8a10c-c9da-4eff-b7d2-a05a5d018933,2020-04-04,2020-04-05
2ab60824-b539-4a1f-ae1a-f7d94d2d55bb,2ddead00-f542-4c99-8372-bb168cdd938d,2020-04-04,2020-04-05
7be626b0-c1cd-4a26-a111-60afb13ba940,ed3c56b2-0d6d-436f-91e4-bbcf19464286,2020-04-30,2020-05-01
2ab60824-b539-4a1f-ae1a-f7d94d2d55bb,14d627e1-1b2f-4802-9544-f409ba63602c,2020-04-04,2020-04-05
7be626b0-c1cd-4a26-a111-60afb13ba940,c2b7fa14-dd4f-4f52-9aea-912157974fbd,2020-04-30,2020-05-01
eff7e9ae-9c58-42e1-8835-0d51c33dc480,ae60f0da-f2e5-4ed2-9b03-2d92c630fa28,2020-06-05,2020-06-07
eff7e9ae-9c58-42e1-8835-0d51c33dc480,9b06b676-ca14-42a5-8ba1-4a809b1d1097,2020-06-05,2020-06-07
eff7e9ae-9c58-42e1-8835-0d51c33dc480,ccc75fc5-73e2-413e-8956-202bc0146f94,2020-06-05,2020-06-07
e6930b99-e8ca-49f8-9583-89f54366dc14,84f7a2c9-f591-4f5d-8f27-33e900ee9d67,2020-06-05,2020-06-07
7be626b0-c1cd-4a26-a111-60afb13ba940,34d908b4-1639-45bc-9c86-b8d047256abb,2020-04-30,2020-05-01
eff7e9ae-9c58-42e1-8835-0d51c33dc480,8da2988c-e98d-4a2c-bb56-3bc49cd6d4e2,2020-06-05,2020-06-07
e6930b99-e8ca-49f8-9583-89f54366dc14,280b9606-8f3a-4831-8334-9174537b23c8,2020-06-05,2020-06-07
eff7e9ae-9c58-42e1-8835-0d51c33dc480,cc0258a1-6c7e-47c6-8431-a31125eb13ec,2020-06-05,2020-06-07
7be626b0-c1cd-4a26-a111-60afb13ba940,5581d1a4-7a85-4dfd-bad7-9647d0dbb184,2020-04-30,2020-05-01
2ab60824-b539-4a1f-ae1a-f7d94d2d55bb,c35fe67d-9d3f-4064-8e00-4e3999d560a7,2020-04-04,2020-04-05
eff7e9ae-9c58-42e1-8835-0d51c33dc480,11e32738-65fe-49b3-965f-e717ba8de72a,2020-06-05,2020-06-07
7be626b0-c1cd-4a26-a111-60afb13ba940,f22261b0-adfc-424e-a9e5-d1637e628d82,2020-04-30,2020-05-01
e6930b99-e8ca-49f8-9583-89f54366dc14,ed0ce497-93d4-4c57-b33d-d6d07e9c8660,2020-06-05,2020-06-07
e6930b99-e8ca-49f8-9583-89f54366dc14,83fc0460-27fd-40a6-8474-e5d594e926b2,2020-06-05,2020-06-07
7be626b0-c1cd-4a26-a111-60afb13ba940,7c304a2a-99ff-43fa-8a31-d47f6e09252f,2020-04-30,2020-05-01
e6930b99-e8ca-49f8-9583-89f54366dc14,16a1d979-a747-4c0e-a701-a3f508288d28,2020-06-05,2020-06-07
e6930b99-e8ca-49f8-9583-89f54366dc14,51e3a88c-4934-48ae-a53a-d19a551c8cc0,2020-06-05,2020-06-07
eff7e9ae-9c58-42e1-8835-0d51c33dc480,1658931f-9721-4dc3-aee0-6bf463516c2a,2020-06-05,2020-06-07
eff7e9ae-9c58-42e1-8835-0d51c33dc480,404c172e-5d31-4203-93e8-73e1136b781c,2020-06-05,2020-06-07
7be626b0-c1cd-4a26-a111-60afb13ba940,25a26396-9ae0-4e7d-a1ab-e51611182bd1,2020-04-30,2020-05-01
2ab60824-b539-4a1f-ae1a-f7d94d2d55bb,fc6d0750-aa25-4ad9-b1e0-19ab179dd459,2020-04-04,2020-04-05
eff7e9ae-9c58-42e1-8835-0d51c33dc480,c728c93c-24b0-4da7-b333-01de608bd5cd,2020-06-05,2020-06-07
eff7e9ae-9c58-42e1-8835-0d51c33dc480,dc427443-aae2-41fd-aef5-d76d6c5a43bf,2020-06-05,2020-06-07
e6930b99-e8ca-49f8-9583-89f54366dc14,2137e32f-3149-464a-8386-ccfbe4d0842c,2020-06-05,2020-06-07
e6930b99-e8ca-49f8-9583-89f54366dc14,8eec9cc4-49e0-4717-872f-d52af7438ee1,2020-06-05,2020-06-07
eff7e9ae-9c58-42e1-8835-0d51c33dc480,351d1980-2b57-4373-8fcb-94184533b0e2,2020-06-05,2020-06-07
eff7e9ae-9c58-42e1-8835-0d51c33dc480,6d2e8fbf-2363-4112-a96f-94083fd3aa52,2020-06-05,2020-06-07
e6930b99-e8ca-49f8-9583-89f54366dc14,41cc90f6-d2cb-441e-ad92-f579c907245f,2020-06-05,2020-06-07
2ab60824-b539-4a1f-ae1a-f7d94d2d55bb,74bf9945-0030-4c14-8898-5afdd293487d,2020-04-04,2020-04-05
e6930b99-e8ca-49f8-9583-89f54366dc14,8680c438-5c94-4b7d-a390-fd5bf8d5b11a,2020-06-05,2020-06-07
e6930b99-e8ca-49f8-9583-89f54366dc14,de9ccc7f-7dfa-4d49-9534-9bde968240b4,2020-06-05,2020-06-07
eff7e9ae-9c58-42e1-8835-0d51c33dc480,87c519f0-78d5-4b32-bad5-ad95a0340334,2020-06-05,2020-06-07
2ab60824-b539-4a1f-ae1a-f7d94d2d55bb,b52afbf5-6a57-4d48-9064-09030836ec52,2020-04-04,2020-04-05
eff7e9ae-9c58-42e1-8835-0d51c33dc480,8ab2073f-7627-49fc-8e52-2e56eba3d62a,2020-06-05,2020-06-07
7be626b0-c1cd-4a26-a111-60afb13ba940,cc655a30-691a-439a-9101-fb99ca93c561,2020-04-30,2020-05-01
eff7e9ae-9c58-42e1-8835-0d51c33dc480,72d5d315-42bb-4312-b682-ab59dca57168,2020-06-05,2020-06-07
7be626b0-c1cd-4a26-a111-60afb13ba940,fbb95874-8768-4f7e-9603-676d4ea07f6b,2020-04-30,2020-05-01
2ab60824-b539-4a1f-ae1a-f7d94d2d55bb,feee8879-c6a5-4baa-b88f-2c34339ad53e,2020-04-04,2020-04-05
eff7e9ae-9c58-42e1-8835-0d51c33dc480,5df690b2-eead-482a-bcbe-455352596b42,2020-06-05,2020-06-07
2ab60824-b539-4a1f-ae1a-f7d94d2d55bb,6d4a1b3a-9fc4-4647-8b07-3054838206fc,2020-04-04,2020-04-05
eff7e9ae-9c58-42e1-8835-0d51c33dc480,cc5817b5-f8d7-4043-b343-9c9a9c36c3e2,2020-06-05,2020-06-07
7be626b0-c1cd-4a26-a111-60afb13ba940,3bd24f4a-ec6d-4eee-810a-d76a8adcf8db,2020-04-30,2020-05-01
e6930b99-e8ca-49f8-9583-89f54366dc14,ae201e3f-4ca9-4bd0-bc82-a58a5e5f9a2d,2020-06-05,2020-06-07
e6930b99-e8ca-49f8-9583-89f54366dc14,e1f977f2-2c3b-4ed1-ab87-5ba7a6679edc,2020-06-05,2020-06-07
2ab60824-b539-4a1f-ae1a-f7d94d2d55bb,9d996ac4-2cb3-44f1-b08b-b61876bd8451,2020-04-04,2020-04-05
2ab60824-b539-4a1f-ae1a-f7d94d2d55bb,e9453fb1-95c5-4eae-b6c7-d7af28b5a9fd,2020-04-04,2020-04-05
e6930b99-e8ca-49f8-9583-89f54366dc14,9cd129c7-dadd-4139-8b97-fc9e2692cdeb,2020-06-05,2020-06-07
7be626b0-c1cd-4a26-a111-60afb13ba940,1ae663a7-9bef-43b1-b1d7-9658cb4a23b8,2020-04-30,2020-05-01
e6930b99-e8ca-49f8-9583-89f54366dc14,f091c475-e98e-4815-89f2-b3109e288cba,2020-06-05,2020-06-07
eff7e9ae-9c58-42e1-8835-0d51c33dc480,615550b7-b965-4fe4-8131-89e7344355e7,2020-06-05,2020-06-07
2ab60824-b539-4a1f-ae1a-f7d94d2d55bb,44260b3d-17c6-4ea3-8845-abce0cdb03b8,2020-04-04,2020-04-05
7be626b0-c1cd-4a26-a111-60afb13ba940,57f7e89d-4c44-4b56-ab79-cb1be70d300d,2020-04-30,2020-05-01
2ab60824-b539-4a1f-ae1a-f7d94d2d55bb,0d61e4ee-7bd7-445b-9e71-bd2e48cdeda2,2020-04-04,2020-04-05
2ab60824-b539-4a1f-ae1a-f7d94d2d55bb,a3951588-eefb-41be-8c44-112be260d99f,2020-04-04,2020-04-05
7be626b0-c1cd-4a26-a111-60afb13ba940,b2241158-f63c-4a2a-af35-8ddcd14aae7b,2020-04-30,2020-05-01
e6930b99-e8ca-49f8-9583-89f54366dc14,e4d1faaf-5ed6-413f-8423-91b4b4423b27,2020-06-05,2020-06-07
eff7e9ae-9c58-42e1-8835-0d51c33dc480,42c2359a-1169-4382-b715-3f7ccbf3193b,2020-06-05,2020-06-07
e6930b99-e8ca-49f8-9583-89f54366dc14,17f6f236-a8b5-4f98-aa22-664ccb41c07b,2020-06-05,2020-06-07
2ab60824-b539-4a1f-ae1a-f7d94d2d55bb,396e0373-1e82-4acc-b558-a8157a89fba3,2020-04-04,2020-04-05
e6930b99-e8ca-49f8-9583-89f54366dc14,0532304a-95ed-480b-ba63-789ea3189d27,2020-06-05,2020-06-07
eff7e9ae-9c58-42e1-8835-0d51c33dc480,fa8e9d9a-91fd-415e-917e-8cd7979dc438,2020-06-05,2020-06-07
7be626b0-c1cd-4a26-a111-60afb13ba940,6bb63bdc-de73-433e-97cd-08441a34324b,2020-04-30,2020-05-01
eff7e9ae-9c58-42e1-8835-0d51c33dc480,3f3f61b8-f5bf-43a8-883c-f9dca4e421ff,2020-06-05,2020-06-07
e6930b99-e8ca-49f8-9583-89f54366dc14,55d61f66-c24d-425f-af50-f68b88e37327,2020-06-05,2020-06-07
eff7e9ae-9c58-42e1-8835-0d51c33dc480,fe759e97-4a2e-47eb-87e0-6a7502b6b1ea,2020-06-05,2020-06-07
2ab60824-b539-4a1f-ae1a-f7d94d2d55bb,e6c4bdd9-e826-461c-88b3-4d5e3620c59c,2020-04-04,2020-04-05
e6930b99-e8ca-49f8-9583-89f54366dc14,98e11258-0d9c-49f6-ac32-2fe30f7218d3,2020-06-05,2020-06-07
eff7e9ae-9c58-42e1-8835-0d51c33dc480,b68eb6b7-b8c9-4c07-9d99-ba734b4b1b43,2020-06-05,2020-06-07
2ab60824-b539-4a1f-ae1a-f7d94d2d55bb,6cc652ca-c76d-45d2-b5d5-1f6f19495392,2020-04-04,2020-04-05
e6930b99-e8ca-49f8-9583-89f54366dc14,bf24b511-e771-4011-ae91-be65626c2e21,2020-06-05,2020-06-07
eff7e9ae-9c58-42e1-8835-0d51c33dc480,93b3489b-0005-4309-af6c-94fd605d0d09,2020-06-05,2020-06-07
7be626b0-c1cd-4a26-a111-60afb13ba940,ef5306d6-e31f-4694-9ae0-1c3c5372df29,2020-04-30,2020-05-01
eff7e9ae-9c58-42e1-8835-0d51c33dc480,9be7bcaa-ec32-4236-80cc-e62a20f5fb49,2020-06-05,2020-06-07
eff7e9ae-9c58-42e1-8835-0d51c33dc480,1fe0671c-a8a0-41c1-9cb3-b4a42e30c141,2020-06-05,2020-06-07
eff7e9ae-9c58-42e1-8835-0d51c33dc480,4df75c64-9e11-4149-9da3-cdbd3dd4e2e5,2020-06-05,2020-06-07
eff7e9ae-9c58-42e1-8835-0d51c33dc480,fe6949fb-d569-40b2-8fe9-1a1624f47b75,2020-06-05,2020-06-07
eff7e9ae-9c58-42e1-8835-0d51c33dc480,a9a6e484-8c72-4f0d-97bb-cc9f329781bc,2020-06-05,2020-06-07
2ab60824-b539-4a1f-ae1a-f7d94d2d55bb,8e73c957-529f-4838-b706-d6831857f9ba,2020-04-04,2020-04-05
e6930b99-e8ca-49f8-9583-89f54366dc14,98a7792b-78b8-44a4-a095-2427857da3b3,2020-06-05,2020-06-07
eff7e9ae-9c58-42e1-8835-0d51c33dc480,2cbd5cd9-e4dd-4feb-910e-dab25f44a7a8,2020-06-05,2020-06-07
7be626b0-c1cd-4a26-a111-60afb13ba940,2b766fcb-c49b-4c6e-a2eb-53856e6c940a,2020-04-30,2020-05-01
eff7e9ae-9c58-42e1-8835-0d51c33dc480,8a7848d1-76dd-40a4-b505-e8892dc4ad81,2020-06-05,2020-06-07
e6930b99-e8ca-49f8-9583-89f54366dc14,99de587e-6b02-485b-a63a-7e933733b972,2020-06-05,2020-06-07
7be626b0-c1cd-4a26-a111-60afb13ba940,5e660f73-034a-4123-b4dc-85299603b91c,2020-04-30,2020-05-01
7be626b0-c1cd-4a26-a111-60afb13ba940,098ed1ec-3b2a-4d0c-80b2-5168f01aad65,2020-04-30,2020-05-01
2ab60824-b539-4a1f-ae1a-f7d94d2d55bb,bd84b168-af00-47ec-8bae-4a3bc43679f0,2020-04-04,2020-04-05
7be626b0-c1cd-4a26-a111-60afb13ba940,09b43188-41f2-4483-a7d7-5cd7cb6b44b7,2020-04-30,2020-05-01
7be626b0-c1cd-4a26-a111-60afb13ba940,055d0b02-4e16-4c71-897f-25b8c7034a90,2020-04-30,2020-05-01
2ab60824-b539-4a1f-ae1a-f7d94d2d55bb,73ad71b6-ba68-4ea8-88ba-9c63d48d2305,2020-04-04,2020-04-05
2ab60824-b539-4a1f-ae1a-f7d94d2d55bb,09d26db4-cd15-4791-b35b-9b90d94adcb5,2020-04-04,2020-04-05
2ab60824-b539-4a1f-ae1a-f7d94d2d55bb,a656da05-592a-475f-8a2a-e9ca81fdae08,2020-04-04,2020-04-05
7be626b0-c1cd-4a26-a111-60afb13ba940,501cadd0-2af2-4edb-8d34-947d3f8a3a6f,2020-04-30,2020-05-01
7be626b0-c1cd-4a26-a111-60afb13ba940,7f8b52cc-e530-4870-83c5-1174323c6839,2020-04-30,2020-05-01
eff7e9ae-9c58-42e1-8835-0d51c33dc480,e1d8ace2-dafc-402a-8ae5-c4f2f6dd73af,2020-06-05,2020-06-07
7be626b0-c1cd-4a26-a111-60afb13ba940,6db313d2-3be6-4950-a50d-5621a775b7dd,2020-04-30,2020-05-01
eff7e9ae-9c58-42e1-8835-0d51c33dc480,cbf82dcd-371c-4707-a513-0215d5e74714,2020-06-05,2020-06-07
7be626b0-c1cd-4a26-a111-60afb13ba940,9fbd054f-b23d-44fa-8746-20e91b6ee488,2020-04-30,2020-05-01
e6930b99-e8ca-49f8-9583-89f54366dc14,473aaff3-cc6a-4c80-831c-571a0a8a0d66,2020-06-05,2020-06-07
7be626b0-c1cd-4a26-a111-60afb13ba940,97875769-3fb6-4384-b894-1edadaf2d897,2020-04-30,2020-05-01
2ab60824-b539-4a1f-ae1a-f7d94d2d55bb,1a0a0027-6d38-409d-9311-6c14e0dc7bc5,2020-04-04,2020-04-05
e6930b99-e8ca-49f8-9583-89f54366dc14,ccfbf3e2-e192-4339-9257-0d43de8cfca7,2020-06-05,2020-06-07
7be626b0-c1cd-4a26-a111-60afb13ba940,9d88314f-7a4d-4b31-9617-bd6e7c90a919,2020-04-30,2020-05-01
e6930b99-e8ca-49f8-9583-89f54366dc14,4b000f60-bdaf-4d5d-a65c-d1aac9abf0b0,2020-06-05,2020-06-07
2ab60824-b539-4a1f-ae1a-f7d94d2d55bb,1522f97e-25ec-4402-913b-823c1bc06d8a,2020-04-04,2020-04-05
7be626b0-c1cd-4a26-a111-60afb13ba940,e58e393e-0fbe-4e0e-bf47-75f9d336bdd1,2020-04-30,2020-05-01
7be626b0-c1cd-4a26-a111-60afb13ba940,c7163a87-f4c9-45ea-a196-100b10419f9a,2020-04-30,2020-05-01
e6930b99-e8ca-49f8-9583-89f54366dc14,a7e468b8-36e6-43cd-b549-f859b441a4b9,2020-06-05,2020-06-07
2ab60824-b539-4a1f-ae1a-f7d94d2d55bb,0ea74be9-91ca-47d4-abef-01d4e51f15cd,2020-04-04,2020-04-05
eff7e9ae-9c58-42e1-8835-0d51c33dc480,55c46e1d-56b0-4d93-9013-008fe576fc0f,2020-06-05,2020-06-07
eff7e9ae-9c58-42e1-8835-0d51c33dc480,aad85c2f-8173-41ff-b407-fab174669f53,2020-06-05,2020-06-07
e6930b99-e8ca-49f8-9583-89f54366dc14,722d2dd2-07cb-42d9-8647-e09c06c11ffd,2020-06-05,2020-06-07
e6930b99-e8ca-49f8-9583-89f54366dc14,2c0a14a3-7246-4d83-aeaf-3cc7e72f7003,2020-06-05,2020-06-07
7be626b0-c1cd-4a26-a111-60afb13ba940,97fedf5d-dca8-47f5-b05e-57e416b1aa52,2020-04-30,2020-05-01
7be626b0-c1cd-4a26-a111-60afb13ba940,f18a905d-651f-46e4-b7dd-3e339ec446d3,2020-04-30,2020-05-01
e6930b99-e8ca-49f8-9583-89f54366dc14,ae6c7082-1885-4f8b-aa36-5d7a4e30b6db,2020-06-05,2020-06-07
2ab60824-b539-4a1f-ae1a-f7d94d2d55bb,31c84a89-e657-435a-b823-b0eec265ab80,2020-04-04,2020-04-05
7be626b0-c1cd-4a26-a111-60afb13ba940,91a7bf15-2f45-4d71-9b7d-07db0b59597a,2020-04-30,2020-05-01
2ab60824-b539-4a1f-ae1a-f7d94d2d55bb,7eb37f10-dbf4-49aa-b8cb-4187aa23a4d5,2020-04-04,2020-04-05
eff7e9ae-9c58-42e1-8835-0d51c33dc480,7fb35170-1f88-49ff-bc73-32885f3806a8,2020-06-05,2020-06-07
e6930b99-e8ca-49f8-9583-89f54366dc14,524cfb51-0abc-4748-b21e-39e0968d8d83,2020-06-05,2020-06-07
eff7e9ae-9c58-42e1-8835-0d51c33dc480,17bc7345-d052-4414-9229-46239015eefe,2020-06-05,2020-06-07
e6930b99-e8ca-49f8-9583-89f54366dc14,991cab04-7eb7-4f20-a77b-03c9fa58f185,2020-06-05,2020-06-07
2ab60824-b539-4a1f-ae1a-f7d94d2d55bb,883b2ebc-4236-4c6a-9deb-905783563552,2020-04-04,2020-04-05
2ab60824-b539-4a1f-ae1a-f7d94d2d55bb,bdfa6011-59da-4c4c-a900-91c2a71fb3fc,2020-04-04,2020-04-05
7be626b0-c1cd-4a26-a111-60afb13ba940,7388c384-46cc-40b1-8aee-4384cfad27df,2020-04-30,2020-05-01
eff7e9ae-9c58-42e1-8835-0d51c33dc480,49de5134-27e6-4f2b-bf4c-10aa3d5f9361,2020-06-05,2020-06-07
eff7e9ae-9c58-42e1-8835-0d51c33dc480,de5b9339-4303-4ab6-b9c3-00add3830398,2020-06-05,2020-06-07
2ab60824-b539-4a1f-ae1a-f7d94d2d55bb,12ae32aa-24d2-46e3-94b2-be369cc75d0e,2020-04-04,2020-04-05
e6930b99-e8ca-49f8-9583-89f54366dc14,d936399c-7a5c-4579-8f06-3e5cc922ba2b,2020-06-05,2020-06-07
7be626b0-c1cd-4a26-a111-60afb13ba940,f0ac4549-2b0c-434c-9b23-23ee6dc117de,2020-04-30,2020-05-01
e6930b99-e8ca-49f8-9583-89f54366dc14,31a74710-b6d8-4d22-82d3-52741b3d0dcc,2020-06-05,2020-06-07
2ab60824-b539-4a1f-ae1a-f7d94d2d55bb,1ea4045f-ff29-4424-8d3d-b8e4b5ed9819,2020-04-04,2020-04-05
7be626b0-c1cd-4a26-a111-60afb13ba940,00db12ae-a5bf-405e-b29f-c5cc798540ca,2020-04-30,2020-05-01
2ab60824-b539-4a1f-ae1a-f7d94d2d55bb,fa95ffdd-e6e8-460f-b1ef-7fb1fdf87732,2020-04-04,2020-04-05
e6930b99-e8ca-49f8-9583-89f54366dc14,7f151296-1357-42fe-9ca8-0655087d642c,2020-06-05,2020-06-07
2ab60824-b539-4a1f-ae1a-f7d94d2d55bb,557951ae-d226-4487-b096-fb676e33f309,2020-04-04,2020-04-05
e6930b99-e8ca-49f8-9583-89f54366dc14,7141acac-0644-4031-ae62-02d386c370ec,2020-06-05,2020-06-07
eff7e9ae-9c58-42e1-8835-0d51c33dc480,85021943-9f94-4d28-8df8-14142f6e6bd8,2020-06-05,2020-06-07
7be626b0-c1cd-4a26-a111-60afb13ba940,8ea27f1a-3c73-4757-b6dc-1c3896baa4eb,2020-04-30,2020-05-01
e6930b99-e8ca-49f8-9583-89f54366dc14,b66a39a1-0f66-46d7-be01-a656a70d59bf,2020-06-05,2020-06-07
2ab60824-b539-4a1f-ae1a-f7d94d2d55bb,c3534a25-ad12-4422-a9ee-c79da8883c67,2020-04-04,2020-04-05
2ab60824-b539-4a1f-ae1a-f7d94d2d55bb,5f771812-4a87-4f7d-9c7e-69d3e13085fd,2020-04-04,2020-04-05
e6930b99-e8ca-49f8-9583-89f54366dc14,500123bb-0d34-421f-8d28-d08b864f5707,2020-06-05,2020-06-07
eff7e9ae-9c58-42e1-8835-0d51c33dc480,c9b2b480-78c6-4d14-b24c-d8b0349b73e7,2020-06-05,2020-06-07
2ab60824-b539-4a1f-ae1a-f7d94d2d55bb,6f6206ab-642c-47e1-bcfa-e80cc3dee09b,2020-04-04,2020-04-05
e6930b99-e8ca-49f8-9583-89f54366dc14,f706c233-9a7c-4701-8c8f-d1c48c21418f,2020-06-05,2020-06-07
eff7e9ae-9c58-42e1-8835-0d51c33dc480,958d0ae0-a7f4-4e90-9f59-0a085b1feaa3,2020-06-05,2020-06-07
eff7e9ae-9c58-42e1-8835-0d51c33dc480,730fb477-f7f3-46fe-943b-65dd2b505194,2020-06-05,2020-06-07
7be626b0-c1cd-4a26-a111-60afb13ba940,3cdd6397-932e-4390-8ce5-2dea5669d9b1,2020-04-30,2020-05-01
eff7e9ae-9c58-42e1-8835-0d51c33dc480,e201f355-c059-48b9-99fe-d863421caf4f,2020-06-05,2020-06-07
eff7e9ae-9c58-42e1-8835-0d51c33dc480,b411d58d-9ac8-4d68-9cae-704dc0738034,2020-06-05,2020-06-07
e6930b99-e8ca-49f8-9583-89f54366dc14,eb532553-1d7d-4162-bc98-f5366d0a3117,2020-06-05,2020-06-07
7be626b0-c1cd-4a26-a111-60afb13ba940,321a670a-a5c2-46ed-8abf-16b98ad0b312,2020-04-30,2020-05-01
eff7e9ae-9c58-42e1-8835-0d51c33dc480,295f8cdb-5670-4235-9517-7b0ab43abd44,2020-06-05,2020-06-07
7be626b0-c1cd-4a26-a111-60afb13ba940,8d8414e6-8d6c-4b4d-be95-fccfda9e3e67,2020-04-30,2020-05-01
2ab60824-b539-4a1f-ae1a-f7d94d2d55bb,1242e3ee-6a9a-4b3a-8dcb-cd3e84a1b682,2020-04-04,2020-04-05
2ab60824-b539-4a1f-ae1a-f7d94d2d55bb,b9df6469-3771-4c0f-af4c-199346dc2bc3,2020-04-04,2020-04-05
e6930b99-e8ca-49f8-9583-89f54366dc14,41cd9f18-1504-429a-a2a2-cccf3c1725dc,2020-06-05,2020-06-07
7be626b0-c1cd-4a26-a111-60afb13ba940,83f98c05-25cd-483c-b8c8-12a21908d1e5,2020-04-30,2020-05-01
2ab60824-b539-4a1f-ae1a-f7d94d2d55bb,a29e9c4c-0376-4d45-af15-902e5c9886cc,2020-04-04,2020-04-05
e6930b99-e8ca-49f8-9583-89f54366dc14,2a323bd7-135c-44c4-9d79-66dd7bdf1605,2020-06-05,2020-06-07
e6930b99-e8ca-49f8-9583-89f54366dc14,fd784bda-22ca-4542-bb5c-9326f75ea5c9,2020-06-05,2020-06-07
7be626b0-c1cd-4a26-a111-60afb13ba940,8bfeb356-14c5-4d02-afed-98a7af0390c2,2020-04-30,2020-05-01
7be626b0-c1cd-4a26-a111-60afb13ba940,c5381475-5b45-470b-9fc9-7a584ab63039,2020-04-30,2020-05-01
7be626b0-c1cd-4a26-a111-60afb13ba940,78162452-f21a-47fe-bc89-2c72121c4208,2020-04-30,2020-05-01
2ab60824-b539-4a1f-ae1a-f7d94d2d55bb,8dcb8220-b85b-4c94-b5b3-aace25141036,2020-04-04,2020-04-05
2ab60824-b539-4a1f-ae1a-f7d94d2d55bb,1c591361-a4cd-4bf4-aa93-8a6f36b4a66c,2020-04-04,2020-04-05
eff7e9ae-9c58-42e1-8835-0d51c33dc480,4493e31f-280b-4dbd-a234-1335ded21ca8,2020-06-05,2020-06-07
2ab60824-b539-4a1f-ae1a-f7d94d2d55bb,f138d3d1-735f-45ec-8ff0-9276d2df180c,2020-04-04,2020-04-05
2ab60824-b539-4a1f-ae1a-f7d94d2d55bb,1aa4e48b-52d3-4040-8a17-47a49dbe8e0f,2020-04-04,2020-04-05
7be626b0-c1cd-4a26-a111-60afb13ba940,97acca07-d276-4f88-ac65-d809e9c4012d,2020-04-30,2020-05-01
2ab60824-b539-4a1f-ae1a-f7d94d2d55bb,917eabf8-3d19-4b6e-b635-03e7ada0751b,2020-04-04,2020-04-05
e6930b99-e8ca-49f8-9583-89f54366dc14,65935b9e-d2e7-4248-bc4b-c96484fe707b,2020-06-05,2020-06-07
e6930b99-e8ca-49f8-9583-89f54366dc14,274cb56c-c39c-4101-a1ae-8f0a9ff0ab81,2020-06-05,2020-06-07
2ab60824-b539-4a1f-ae1a-f7d94d2d55bb,8309e035-40c6-4c5b-bae6-b348c5b6dd0a,2020-04-04,2020-04-05
eff7e9ae-9c58-42e1-8835-0d51c33dc480,c9ca78f0-d815-4570-ad13-5b1dfe135f2e,2020-06-05,2020-06-07
2ab60824-b539-4a1f-ae1a-f7d94d2d55bb,2b14872a-49ed-4c4e-bac5-051291069798,2020-04-04,2020-04-05
e6930b99-e8ca-49f8-9583-89f54366dc14,e61f9252-845d-4cfd-a417-5673878d5f55,2020-06-05,2020-06-07
7be626b0-c1cd-4a26-a111-60afb13ba940,e9a22e0b-1c05-4dc5-9818-2f3c3be0d330,2020-04-30,2020-05-01
7be626b0-c1cd-4a26-a111-60afb13ba940,17fae169-e5f3-4d74-b0c8-a7e5f89e1d5b,2020-04-30,2020-05-01
2ab60824-b539-4a1f-ae1a-f7d94d2d55bb,a2d37587-7141-477c-8fb9-3a7c733e2f9a,2020-04-04,2020-04-05
eff7e9ae-9c58-42e1-8835-0d51c33dc480,54745eda-6132-451a-940d-e76fdaf22355,2020-06-05,2020-06-07
e6930b99-e8ca-49f8-9583-89f54366dc14,d20795dd-301f-4814-bdd2-cfeb8686775b,2020-06-05,2020-06-07
eff7e9ae-9c58-42e1-8835-0d51c33dc480,d7e7c9c4-b76e-425d-a8c3-8f7281842647,2020-06-05,2020-06-07
2ab60824-b539-4a1f-ae1a-f7d94d2d55bb,b5139095-0918-42cc-bc2d-a186ba9f3a0f,2020-04-04,2020-04-05
2ab60824-b539-4a1f-ae1a-f7d94d2d55bb,42b2868a-309e-4c6c-87a2-a06ffb4bf3c8,2020-04-04,2020-04-05
2ab60824-b539-4a1f-ae1a-f7d94d2d55bb,b6b3c725-6d45-49d2-a13d-0f281b458da1,2020-04-04,2020-04-05
eff7e9ae-9c58-42e1-8835-0d51c33dc480,0fdda772-0c58-4e2f-b8eb-38fa7eef7601,2020-06-05,2020-06-07
e6930b99-e8ca-49f8-9583-89f54366dc14,de8dbc02-cd9b-4f2c-bda0-c2acbdf03bca,2020-06-05,2020-06-07
7be626b0-c1cd-4a26-a111-60afb13ba940,cd5bc60c-1add-4e6f-94a1-fd7d6512b0d1,2020-04-30,2020-05-01
eff7e9ae-9c58-42e1-8835-0d51c33dc480,215ec89b-463e-466d-b1c8-042219debe58,2020-06-05,2020-06-07
